id,name
LVyeVAjL,Romance Dawn
MAwZejPC,Orange Town
bZughUL3,Syrup Village
34RuaDWW,Gaimon
DvABXt6w,Baratie
7zXoKGrW,Arlong Park
E1QXSY7a,The Adventures of Buggy's Crew
sng6aHYQ,Loguetown
gehq5RGo,Reverse Mountain
5d4WRz1y,Whisky Peak
81KWfWcq,The Trials of Koby-Meppo
NBMcTurd,Little Garden
4juJksu7,Drum Island
KX3E2PR4,Alabasta
P6mnmZpN,Jaya
arhxWEdj,Skypiea
naP4DUTn,Long Ring Long Land
o8YkGt9i,Water Seven
Lbggw3VT,Enies Lobby
upyN5vVk,Post-Enies Lobby
Cq9faLGv,Thriller Bark
jhpKUqF8,Sabaody Archipelago
Bsr9gKsn,Amazon Lily
y5ywnHdF,Impel Down
cnjWovN9,If You Could Go Anywhere... The Adventures of the Straw Hats
uFuFpnpi,Marineford
7EANMSA7,Post-War
igysH62b,Return to Sabaody
o6ZzNwzp,Fishman Island
wJoipMZu,Punk Hazard
DMuj2Pqe,Dressrosa
nSkEY2Cq,Zou
phsTwRmF,Whole Cake Island
RLz2BXe7,Reverie
iRATbpNF,Wano
ddzH3mPn,Egghead
